Product Name,Original Price,Discounted Price,Rating,Reviews
Informa Clair Lampu Meja Multifungsi - Hitam,Rp299.000,Rp179.000,,
Odi Meja Lipat Laptop Dengan Tempat Gelas - Biru Muda,Rp99.900,,,
Informa Topaz Meja Tamu Dengan Penyimpanan - Hitam,Rp189.000,Rp99.000,,
Informa Toby Meja Tamu Dengan Penyimpanan - Hitam,Rp189.000,Rp89.000,,
Informa Toby Meja Tamu Dengan Penyimpanan - Putih,Rp189.000,Rp89.000,,
Soleil Kursi Lipat - Hitam,Rp219.900,Rp119.900,,
Informa Neo Dacey Kursi Kafe - Putih,Rp659.000,Rp239.000,,
Informa Colorado Set Kursi & Meja Teras - Cokelat,Rp999.000,Rp649.000,,
Odi Meja Lipat Laptop Dengan Mouse Pad - Hitam,Rp199.000,,,
Krisbow Meja Lipat Adjustable - Putih,Rp399.900,Rp249.900,,
Krisbow 122x62 Cm Meja Lipat - Putih,Rp649.000,Rp584.100,,
Informa Rak Troli Penyimpanan 4 Tingkat 38x26x86 Cm,Rp299.000,Rp129.000,,
Soleil Meja Teras Dengan Tray - Hitam,Rp299.000,Rp129.900,,
Informa Neo Helios Meja Sisi - Hitam,Rp299.000,Rp139.000,,
Soleil Meja Teras Sisi 45 Cm - Hitam,Rp249.900,Rp224.910,,
Soleil Bangku Metal - Hitam,Rp109.900,Rp79.900,,
Soleil Kursi Lipat - Putih,Rp219.900,Rp119.900,,
Informa Yaris Kursi Anak - Biru Tua,Rp159.000,Rp115.000,,
Soleil 60 Cm Meja Teras Round - Hitam,Rp329.900,Rp296.910,,
Soleil Kursi Teras Rotan - Cokelat Tua,Rp299.900,Rp149.900,,
Eglo Up Ii Lampu Lantai - Hitam,Rp299.900,Rp249.000,,
Eglo Up-ii Lampu Lantai - Putih,Rp299.900,Rp249.000,,
Soleil Kursi Lipat Padded - Abu-abu,Rp219.900,Rp119.900,,
Soleil Almond Kursi Lipat - Cokelat,Rp249.900,Rp149.900,,
Informa Yaris Kursi Anak - Merah,Rp159.000,Rp115.000,,
Soleil Bangku Metal - Putih,Rp109.900,Rp79.900,,
Sunon Shield Kursi Kantor Sandaran Rendah - Hitam,Rp1.999.000,Rp1.099.000,,
Informa Yaris Kursi Anak - Hijau,Rp159.000,Rp115.000,,
Informa Torry Kursi Makan Bayi - Putih,Rp329.000,Rp245.000,,
Krisbow Set Meja & Bangku Bench Lipat - Putih,Rp1.199.000,Rp799.900,,
Soleil Kursi Recliner Lipat - Cokelat,Rp649.900,Rp499.900,,
Odi Meja Lipat Laptop Dengan Tempat Gelas - Pink Muda,Rp99.900,Rp75.000,,
Soleil Almond Kursi Lipat - Hitam,Rp249.900,Rp149.900,,
Krisbow Olympic Kursi Lipat - Putih,Rp249.900,Rp199.900,,
Stora Rak Plastik 4 Tingkat - Putih,Rp199.900,Rp149.900,,
Informa Yaris Kursi Anak - Kuning,Rp159.000,Rp115.000,,
Stora Rak Sepatu Stackable 2 Tingkat - Hitam,Rp138.900,,,
Ace 22 Cm Bangku Pijak Lipat - Merah,Rp99.900,Rp69.000,,
Informa Heize Meja Kantor - Putih,Rp1.599.000,Rp699.000,,
Soleil Meja Teras Dengan Tray - Merah Scarlet,Rp299.000,Rp129.900,,
Soleil Lucio Bistro Set Kursi & Meja Teras Lipat - Hitam,Rp1.599.000,Rp799.500,,
Soleil 60 Cm Meja Teras - Cokelat Tua,Rp329.900,Rp296.910,,
Informa Lampu Meja Led Portable - Putih,Rp89.000,Rp49.000,,
Soleil Bangku Pijak - Putih,Rp65.000,,,
Informa Oxy Meja Lipat - Hitam,Rp199.000,Rp169.000,,
Soleil 46 Cm Meja Teras Dengan Tray - Putih,Rp299.000,Rp129.900,,
Informa Oxy Meja Lipat - Biru,Rp199.000,Rp169.000,,
Soleil Kursi Teras Berlengan - Hitam,Rp399.900,Rp199.900,,
Soleil Bangku Pijak Lipat 32 Cm,Rp109.900,Rp85.000,,
Informa Leta Meja Tamu Dengan Penyimpanan - Hitam,Rp799.000,Rp449.000,,
